Morpho group,OTU,Accession number,Location,Collection number,ID,Habit; type ,"Habit; height, population min","Habit; height, population max",Habit; number of stems at plant base,Habit; stem posture,Branchlet; indumentum type,Branchlet; indumentum hair length,Leaf; new leaf posture,Leaf; posture,Leaf; density,Petiole; presence,Petiole; shape,Petiole; length max,Petiole; width max,Petiole; length max/width max,Petiole; length min,Petiole; width min,Petiole; colour,Petiole; shape in cross section,Petiole; posture,Petiole; indumentum,"Petiole; indumentum, hair length max","Petiole; indumentum, hair length min",Lamina; shape,Lamina; length max,Lamina; width max,Lamina; length to widest point,Lamina; length min,Lamina; width min,Lamina; transverse posture,Lamina; shape in cross section,Lamina; apex shape,Lamina; whether pungent,"Lamina; apex (mucro), length","Lamina; apex (mucro),  colour",Lamina; margin,Lamina; margin colour,Lamina; margin hyaline section presence (at widest point),Lamina; margin width (of hyaline section),Lamina; margin indumentum type,Lamina; margin indumentum extent,Lamina; margin indumentum hair length max,Lamina; margin indumentum hair length min,Lamina; adaxial surface colour,Lamina; adaxial surface whether glaucous,Lamina adaxial surface; indumentum type,Lamina adaxial surface; indumentum extent,Lamina adaxial surface indumentum; hair length max,Lamina adaxial surface indumentum; hair length min,Lamina adaxial surface venation,Lamina abaxial surface; colour,Lamina abaxial surface; whether discolorous,Lamina abaxial surface; indumentum type,Lamina abaxial surface; indumentum extent,Lamina abaxial surface indumentum; hair length max,Lamina abaxial surface indumentum; hair length min,Lamina abaxial surface veins; number of,Lamina abaxial surface veins; distinctiveness,Lamina abaxial surface veins; arrangement,Lamina abaxial surface veins; grooved,Lamina abaxial surface veins; grooved papillae length max,Lamina abaxial surface veins groove papillae length min,Lamina abaxial surface midvein enlarged (1),Inflorescence type,Flower sexuality,Flower arrangement,Flower posture,Flower length relative to subtending leaf length,Bud; length ,Bud; width,Bud; length_to_widest_ point,Bracts; number of,Bract; imbrication,Bract; arrangement,Bract; shape of last,Bract; shape of first,Bract; shape overall,Bract; maximum length of first,Bract; maximum width of first,Bract; minimum length of first,Bract; minimum width of first,Bract; maximum length of last,Bract; maximum width of last,Bract; maximum length to widest point last,Bract; minimum length of last,Bract; minimum width of last,Bract; apex angle of last,Bract; apex mucronate/mucronulate,Bract; apex mucro angle of last,Bract; apex shape,"Bract; apex shape, further description of variation ",Bract margins,Bract margin; indumentum type,Bract margin; indumentum extent,Bract margin indumentum; hair length max,Bract margin indumentum; hair length min,Bract abaxial surface; indumentum,Bract abaxial surface indumentum; type and extent ,Bract abaxial surface indumentum; hair length most hairs approx. ,Bract both surfaces; colour,Calyx; number of sepals,Calyx; sepal texture,Calyx; sepal imbrication,Calyx; sepal shape,Calyx; sepal length maximum ,Calyx; sepal width maximum ,Calyx; sepal length to widest point maximum,Calyx; sepal length minimum ,Calyx; sepal width minimum ,Calyx; length relative to open corolla,Calyx; sepal apex angle,Calyx; sepal apex shape,Calyx; sepal apex mucronate,Calyx: sepal mucro angle,Calyx; sepal margin,Calyx; sepal margin indumentum type,Calyx; sepal margin indumentum extent,Calyx; sepal margin indumentum hair length maximum,Calyx; sepal margin indumentum hair length minimum(common length),Calyx; sepal adaxial surface; indumentum,Calyx; sepal abaxial surface; indumentum,Calyx; sepal abaxial surface indumentum; type and extent,Calyx; sepal abaxial surface indumentum; approx hair length max,Calyx; sepal abaxial surface indumentum; approx hair length min(common length),Calyx surfaces; colour,Corolla; shape,Corolla; colour,Corolla; tube length maximum,Corolla; tube length to widest point maximum,Corolla; tube width maximum,Corolla; tube length minimum,Corolla; tube width minimum,Corolla; tube internal surface indumentum,Corolla; number of lobes,Corolla; lobes shape,Corolla; lobes length maximum,Corolla; lobes width maximum,Corolla; lobes length minimum,Corolla; lobes width minimum,Corolla; lobes posture,Corolla; lobe apex posture,Corolla; lobe apex shape,Corolla; lobe sub apical process presence,Corolla; lobe sub apical process length maximum,Corolla; lobe sub apical process length minimum,Corolla; lobe sub apical process colour,Corolla; lobe sub apical proces indumentum,Corolla; lobe sub apical process indumentum hair length maximum,Corolla; lobe sub apical process indumentum hair length minimum,Corolla; lobe external surface indumentum,Corolla; lobe internal surface indumentum,Corolla; lobe internal surface indumentum hair colour,Corolla; lobe internal surface indumentum hair length,Glandular hairs; arrangement,Glandular hairs; attachment ,Glandular hairs; position relative to stamens,Glandular hair tufts; shape,Glandular hair tufts; length,Glandular hair tufts; width,Glandular hairs; shape,Glandular hairs; length,Glandular hairs; width,Glandular hairs apex; shape,Anthers; number of,Anthers; insertion,Anthers; position relative to corolla tube,Anthers; shape,Anthers; length maximum,Anthers; width maximum,Anthers; length minimum,Anthers; width minimum,Anthers; surface texture,Anthers; hooked distal end?,Anthers hooked distal end; length,Anther filament; shape,Anther filament; attachment,Anther filament; length,Ovary; shape,Ovary; diameter,Ovary; number of locules,Style; shape ,Style; length,Style; shape in cross section,Style; indumentum,Stigma; shape,Nectary; texture,Nectary; shape,Nectary lobe; shape,Fruit; size relative to calyx at maturity,Fruit; texture,Fruit; shape,Fruit; diameter,Fruit; colour,Fruit; style persistent
Melichrus adpressus,M. sp. Boonoo boonoo,109433,Boonoo boonoo NP,HTK35a,BNNTHTK35a,,,,,,,,,,,,,2.11,1.985,1.062972292,,,,,,,,,,36.655,5.1,7.98,,,,,,,1.38,,,,,0.44,,,,,,,,,,,,,,,,,,21,,,,,,,a solitary,bisexual flower,axillary flower,,,8.25,2.35,3.58,10,,,,,,,,,,4.25,2.87,1.05,,,85.53,0,,,,,,,,,1,,,,,,,,5.89,2.58,1.96,,,,25.56,,0,,,,,,,,1,,,,,,,,,,,,,,,,,,,,,,,,,,,,,,,,,,,,,,,,,,,,,,,,,,,,,,,,,,,,,,,,,,,,,,,,,
Melichrus adpressus,M. sp. Boonoo boonoo,109433,Boonoo boonoo NP,HTK35J_1,BNNTHTK35J_1,,,,,,,,,,,,,2.57,1.845,1.39295393,,,,,,,,,,38.205,5.945,7.65,,,,,,,1.38,,,,,0.505,,,,,,,,,,,,,,,,,,21,,,,,,,a solitary,bisexual flower,axillary flower,,,8.37,2.21,3.07,10,,,,,,,,,,4.39,2.93,2.09,,,87.4,1,,,,,,,,,1,,,,,,,,6.65,3.23,2.11,,,,35.13,,0,,,,,,,,1,,,,,,,,,,,,,,,,,,,,,,,,,,,,,,,,,,,,,,,,,,,,,,,,,,,,,,,,,,,,,,,,,,,,,,,,,
Melichrus adpressus,M. sp. Boonoo boonoo,109433,Boonoo boonoo NP,HTK35J_2,BNNTHTK35J_2,,,,,,,,,,,,,2.57,1.845,1.39295393,,,,,,,,,,38.205,5.945,7.65,,,,,,,1.38,,,,,0.505,,,,,,,,,,,,,,,,,,21,,,,,,,a solitary,bisexual flower,axillary flower,,,8.41,2.6,3.53,9,,,,,,,,,,4.23,3.75,2.01,,,86.91,0,,,,,,,,,1,,,,,,,,6.25,3.52,1.1,,,,37.51,,0,,,,,,,,1,,,,,,,,,,,,,,,,,,,,,,,,,,,,,,,,,,,,,,,,,,,,,,,,,,,,,,,,,,,,,,,,,,,,,,,,,
Melichrus adpressus,M. sp. Boonoo boonoo,110785,Plunkett CP,HTK79k,BQMO79k,,,,,,,,,,,,,1.635,2.67,0.612359551,,,,,,,,,,26.66,4.745,4.825,,,,,,,1.02,,,,,0.39,,,,,,,,,,,,,,,,,,21,,,,,,,a solitary,bisexual flower,axillary flower,,,7.95,3.2,3.49,11,,,,,,,,,,4.11,3.67,1.45,,,127.68,0,,,,,,,,,1,,,,,,,,5.51,3.25,1.24,,,,29.23,,0,,,,,,,,1,,,,,,,,,,,,,,,,,,,,,,,,,,,,,,,,,,,,,,,,,,,,,,,,,,,,,,,,,,,,,,,,,,,,,,,,,
Melichrus adpressus,M. sp. Boonoo boonoo,110785,Plunkett CP,HTK79,BQMOHTK79,,,,,,,,,,,,,1.79,1.95,0.917948718,,,,,,,,,,28.995,3.785,5.48,,,,,,,1.14,,,,,0.295,,,,,,,,,,,,,,,,,,19,,,,,,,a solitary,bisexual flower,axillary flower,,,9.31,2.88,4.46,10,,,,,,,,,,4.37,3.6,1.62,,,103.13,1,,,,,,,,,1,,,,,,,,5.61,3.78,0.99,,,,60.43,,0,,,,,,,,1,,,,,,,,,,,,,,,,,,,,,,,,,,,,,,,,,,,,,,,,,,,,,,,,,,,,,,,,,,,,,,,,,,,,,,,,,
Melichrus adpressus,M. sp. Boonoo boonoo,110787,D'Aguilar NP,HTK82,BQMOHTK82,,,,,,,,,,,,,1.605,2.37,0.67721519,,,,,,,,,,23.2,3.825,4.095,,,,,,,0.78,,,,,0.275,,,,,,,,,,,,,,,,,,23,,,,,,,a solitary,bisexual flower,axillary flower,,,9,2.18,4.09,9,,,,,,,,,,3.72,3.26,1.23,,,41.37,1,,,,,,,,,1,,,,,,,,5.88,3.01,2.26,,,,20.18,,1,,,,,,,,1,,,,,,,,,,,,,,,,,,,,,,,,,,,,,,,,,,,,,,,,,,,,,,,,,,,,,,,,,,,,,,,,,,,,,,,,,
Melichrus adpressus,M. sp. Boonoo boonoo,110787,D'Aguilar NP,HTK82d,BQMOHTK82d,,,,,,,,,,,,,1.7,1.52,1.118421053,,,,,,,,,,25.625,3.61,4.985,,,,,,,0.84,,,,,0.33,,,,,,,,,,,,,,,,,,21,,,,,,,a solitary,bisexual flower,axillary flower,,,10.3,2.34,5.11,9,,,,,,,,,,4.65,3.78,1.88,,,54.58,1,,,,,,,,,1,,,,,,,,7.13,3.06,1.45,,,,26.66,,1,,,,,,,,1,,,,,,,,,,,,,,,,,,,,,,,,,,,,,,,,,,,,,,,,,,,,,,,,,,,,,,,,,,,,,,,,,,,,,,,,,
Melichrus adpressus,M. sp. Boonoo boonoo,,D'Aguilar NP,DAGSLE7566,BQMODAGSLE7566,,,,,,,,,,,,,1.785,1.8,0.991666667,,,,,,,,,,28.07,3.435,5.725,,,,,,,1.015,,,,,0.235,,,,,,,,,,,,,,,,,,21,,,,,,,a solitary,bisexual flower,axillary flower,,,,,,,,,,,,,,,,,,,,,,,,,,,,,,,,,,,,,,,,,,,,,,,,,,,,,,,,,,,,,,,,,,,,,,,,,,,,,,,,,,,,,,,,,,,,,,,,,,,,,,,,,,,,,,,,,,,,,,,,,,,,,,,,
Melichrus adpressus,M. sp. Boonoo boonoo,110792,Kroombit Tops NP,HTK87,HQPCHTK87,,,,,,,,,,,,,1.54,1.81,0.850828729,,,,,,,,,,28.41,4.135,6.295,,,,,,,0.99,,,,,0.385,,,,,,,,,,,,,,,,,,21,,,,,,,a solitary,bisexual flower,axillary flower,,,9.45,3.19,4.94,9,,,,,,,,,,4.68,3.42,0.93,,,88.81,0,,,,,,,,,1,,,,,,,,5.76,3.12,0.84,,,,29.63,,0,,,,,,,,1,,,,,,,,,,,,,,,,,,,,,,,,,,,,,,,,,,,,,,,,,,,,,,,,,,,,,,,,,,,,,,,,,,,,,,,,,
Melichrus adpressus,M. sp. Boonoo boonoo,110792,Kroombit Tops NP,HTK87b,HQPCHTK87b,,,,,,,,,,,,,1.795,1.975,0.908860759,,,,,,,,,,30.395,4.84,4.75,,,,,,,1.065,,,,,0.41,,,,,,,,,,,,,,,,,,23,,,,,,,a solitary,bisexual flower,axillary flower,,,9.17,3.03,5.17,10,,,,,,,,,,4.6,4.01,1.1,,,75.02,1,,,,,,,,,1,,,,,,,,6.6,3.96,2.02,,,,27.51,,0,,,,,,,,1,,,,,,,,,,,,,,,,,,,,,,,,,,,,,,,,,,,,,,,,,,,,,,,,,,,,,,,,,,,,,,,,,,,,,,,,,
Melichrus adpressus,M. sp. Boonoo boonoo,,Kroombit Tops NP,EJT155,HQPCKroomEJT155,,,,,,,,,,,,,1.59,1.89,0.841269841,,,,,,,,,,28.245,3.555,5.71,,,,,,,1.47,,,,,0.215,,,,,,,,,,,,,,,,,,18,,,,,,,a solitary,bisexual flower,axillary flower,,,,,,,,,,,,,,,,,,,,,,,,,,,,,,,,,,,,,,,,,,,,,,,,,,,,,,,,,,,,,,,,,,,,,,,,,,,,,,,,,,,,,,,,,,,,,,,,,,,,,,,,,,,,,,,,,,,,,,,,,,,,,,,,
Melichrus adpressus,M. sp. Herberton,,Silver Valley Rd,ARB5377,HCOARB5377,,,,,,,,,,,,,1.96,2.515,0.779324056,,,,,,,,,,31.57,6.06,6.36,,,,,,,1.215,,,,,0.47,,,,,,,,,,,,,,,,,,26,,,,,,,a solitary,bisexual flower,axillary flower,,,6.54,3.03,2.91,8,,,,,,,,,,3.56,3.99,1.16,,,146.5,0,,,,,,,,,0,,,,,,,,4.71,4.48,1.81,,,,130.95,,0,,,,,,,,0,,,,,,,,,,,,,,,,,,,,,,,,,,,,,,,,,,,,,,,,,,,,,,,,,,,,,,,,,,,,,,,,,,,,,,,,,
Melichrus adpressus,M. sp. Herberton,537395,3km W of Herberton,BSW522,HQCOBSW522,,,,,,,,,,,,,1.63,2.325,0.701075269,,,,,,,,,,30.97,5.315,4.48,,,,,,,1.39,,,,,0.43,,,,,,,,,,,,,,,,,,22,,,,,,,a solitary,bisexual flower,axillary flower,,,6.68,2.83,2.74,8,,,,,,,,,,2.67,3.42,0.57,,,164.56,0,,,,,,,,,0,,,,,,,,4.13,3.02,1.42,,,,114.01,,0,,,,,,,,0,,,,,,,,,,,,,,,,,,,,,,,,,,,,,,,,,,,,,,,,,,,,,,,,,,,,,,,,,,,,,,,,,,,,,,,,,
Melichrus adpressus,M. sp. Herberton,110795,The Bluff SF,HTK91e,HQCOHTK91e,,,,,,,,,,,,,2.385,2.595,0.919075145,,,,,,,,,,32.975,6.185,7.59,,,,,,,1.015,,,,,0.445,,,,,,,,,,,,,,,,,,25,,,,,,,a solitary,bisexual flower,axillary flower,,,6.51,2.69,3,8,,,,,,,,,,3.63,4.21,1.08,,,144.4,0,,,,,,,,,0,,,,,,,,4.25,3.84,1.17,,,,72.7,,1,,,,,,,,0,,,,,,,,,,,,,,,,,,,,,,,,,,,,,,,,,,,,,,,,,,,,,,,,,,,,,,,,,,,,,,,,,,,,,,,,,
Melichrus adpressus,M. sp. Herberton,,Herberton,IRT13090,HQCOIRT13090,,,,,,,,,,,,,1.75,2.28,0.76754386,,,,,,,,,,30,5.56,0.86,,,,,,,0.86,,,,,0.44,,,,,,,,,,,,,,,,,,26,,,,,,,a solitary,bisexual flower,axillary flower,,,6.59,2.79,3.3,8,,,,,,,,,,3.09,4.04,1,,,164.09,0,,,,,,,,,0,,,,,,,,3.86,3.52,1.34,,,,88.92,,0,,,,,,,,0,,,,,,,,,,,,,,,,,,,,,,,,,,,,,,,,,,,,,,,,,,,,,,,,,,,,,,,,,,,,,,,,,,,,,,,,,
Melichrus adpressus,M. sp. Herberton,,The Bluff SF,JJB3565,HQCOJJB3565,,,,,,,,,,,,,2.02,2.4,0.841666667,,,,,,,,,,28.65,5.48,6.82,,,,,,,0.75,,,,,0.39,,,,,,,,,,,,,,,,,,23,,,,,,,a solitary,bisexual flower,axillary flower,,,6.99,2.72,3.96,8,,,,,,,,,,3.8,3.82,1.16,,,166.38,0,,,,,,,,,0,,,,,,,,4.37,3.85,1.52,,,,79.14,,1,,,,,,,,0,,,,,,,,,,,,,,,,,,,,,,,,,,,,,,,,,,,,,,,,,,,,,,,,,,,,,,,,,,,,,,,,,,,,,,,,,
Melichrus adpressus,M. sp. Herberton,110771,Herberton,SV15959a,HQCOSV15959a,,,,,,,,,,,,,1.855,2.865,0.647469459,,,,,,,,,,32.355,6.26,5.89,,,,,,,1.305,,,,,0.35,,,,,,,,,,,,,,,,,,24,,,,,,,a solitary,bisexual flower,axillary flower,,,6.57,3.13,2.58,9,,,,,,,,,,2.64,3.88,0.62,,,205.51,0,,,,,,,,,0,,,,,,,,4.28,3.14,0.94,,,,142.02,,0,,,,,,,,0,,,,,,,,,,,,,,,,,,,,,,,,,,,,,,,,,,,,,,,,,,,,,,,,,,,,,,,,,,,,,,,,,,,,,,,,,
Melichrus adpressus,M. sp. Herberton,110771,Herberton,SV15959e,HQCOSV15959e,,,,,,,,,,,,,2.45,2.775,0.882882883,,,,,,,,,,33.93,6.615,5.945,,,,,,,1.065,,,,,0.6,,,,,,,,,,,,,,,,,,25,,,,,,,a solitary,bisexual flower,axillary flower,,,6.86,2.96,2.87,9,,,,,,,,,,2.54,3.72,0.54,,,151.04,0,,,,,,,,,0,,,,,,,,4.89,3.78,1.71,,,,119.26,,0,,,,,,,,0,,,,,,,,,,,,,,,,,,,,,,,,,,,,,,,,,,,,,,,,,,,,,,,,,,,,,,,,,,,,,,,,,,,,,,,,,
Melichrus adpressus,M. sp. Herberton,,Mt Misery,MiseryPIF6280,HQCOMiseryPIF6280,,,,,,,,,,,,,1.965,1.925,1.020779221,,,,,,,,,,32.435,5,4.99,,,,,,,0.885,,,,,0.36,,,,,,,,,,,,,,,,,,24,,,,,,,a solitary,bisexual flower,axillary flower,,,,,,,,,,,,,,,,,,,,,,,,,,,,,,,,,,,,,,,,,,,,,,,,,,,,,,,,,,,,,,,,,,,,,,,,,,,,,,,,,,,,,,,,,,,,,,,,,,,,,,,,,,,,,,,,,,,,,,,,,,,,,,,,
Melichrus adpressus,M. sp. Yuraygir,,Kingscliff,ARB6148,ANNCARB6148,,,,,,,,,,,,,1.65,2.085,0.791366906,,,,,,,,,,18.595,4.47,5.085,,,,,,,0.555,,,,,0.485,,,,,,,,,,,,,,,,,,19,,,,,,,a solitary,bisexual flower,axillary flower,,,,,,,,,,,,,,,,,,,,,,,,,,,,,,,,,,,,,,,,,,,,,,,,,,,,,,,,,,,,,,,,,,,,,,,,,,,,,,,,,,,,,,,,,,,,,,,,,,,,,,,,,,,,,,,,,,,,,,,,,,,,,,,,
Melichrus adpressus,M. sp. Yuraygir,22078,Brooms Head,ATH22078,ANNCATH22078,,,,,,,,,,,,,2.185,2.63,0.830798479,,,,,,,,,,22.105,5.6,4.74,,,,,,,0.345,,,,,0.825,,,,,,,,,,,,,,,,,,21,,,,,,,a solitary,bisexual flower,axillary flower,,,7.88,2.73,3.51,10,,,,,,,,,,4.26,4.01,0.89,,,117.93,0,,,,,,,,,1,,,,,,,,4.76,3.72,1.17,,,,81.68,,0,,,,,,,,1,,,,,,,,,,,,,,,,,,,,,,,,,,,,,,,,,,,,,,,,,,,,,,,,,,,,,,,,,,,,,,,,,,,,,,,,,
Melichrus adpressus,M. sp. Yuraygir,109427,"Angourie, Yuraygir NP",HTK29c,ANNCHTK29c,,,,,,,,,,,,,1.765,2.4,0.735416667,,,,,,,,,,16.91,4.94,3.975,,,,,,,0.365,,,,,0.625,,,,,,,,,,,,,,,,,,21,,,,,,,a solitary,bisexual flower,axillary flower,,,7.43,2.52,3.23,9,,,,,,,,,,4.03,3.96,1.1,,,112.99,0,,,,,,,,,1,,,,,,,,4.78,3.82,1.18,,,,78.86,,0,,,,,,,,1,,,,,,,,,,,,,,,,,,,,,,,,,,,,,,,,,,,,,,,,,,,,,,,,,,,,,,,,,,,,,,,,,,,,,,,,,
Melichrus adpressus,M. sp. Yuraygir,109427,"Angourie, Yuraygir NP",HTK29i,ANNCHTK29i,,,,,,,,,,,,,1.79,1.995,0.897243108,,,,,,,,,,17.855,4.535,4.955,,,,,,,0.345,,,,,0.545,,,,,,,,,,,,,,,,,,19,,,,,,,a solitary,bisexual flower,axillary flower,,,7.87,2.31,3.06,9,,,,,,,,,,4.43,4.1,1.23,,,120.93,0,,,,,,,,,1,,,,,,,,5.9,4.03,1.95,,,,66.2,,0,,,,,,,,1,,,,,,,,,,,,,,,,,,,,,,,,,,,,,,,,,,,,,,,,,,,,,,,,,,,,,,,,,,,,,,,,,,,,,,,,,
Melichrus adpressus,M. sp. Yuraygir,109429,"Minnie Water, Yuraygir NP",HTK31a,ANNCHTK31a,,,,,,,,,,,,,2.235,2.31,0.967532468,,,,,,,,,,23.19,5.625,4.785,,,,,,,0.51,,,,,0.715,,,,,,,,,,,,,,,,,,23,,,,,,,a solitary,bisexual flower,axillary flower,,,7.79,2.72,3.1,12,,,,,,,,,,3.72,4.22,1.12,,,129.7,0,,,,,,,,,1,,,,,,,,5.73,3.81,1.49,,,,47.38,,,,,,,,,,1,,,,,,,,,,,,,,,,,,,,,,,,,,,,,,,,,,,,,,,,,,,,,,,,,,,,,,,,,,,,,,,,,,,,,,,,,
Melichrus adpressus,M. sp. Yuraygir,109429,"Minnie Water, Yuraygir NP",HTK31e,ANNCHTK31e,,,,,,,,,,,,,1.865,2.1,0.888095238,,,,,,,,,,18.02,5.295,4.245,,,,,,,0.565,,,,,0.58,,,,,,,,,,,,,,,,,,21,,,,,,,a solitary,bisexual flower,axillary flower,,,6.47,2.55,3.37,11,,,,,,,,,,3.61,3.57,1.14,,,107.6,0,,,,,,,,,1,,,,,,,,4.35,3.44,1.37,,,,45,,,,,,,,,,1,,,,,,,,,,,,,,,,,,,,,,,,,,,,,,,,,,,,,,,,,,,,,,,,,,,,,,,,,,,,,,,,,,,,,,,,,
Melichrus erubescens,M. erubescens s.s,109886,Lee's Pinch,HTK48a,ENCTHTK48a,,,,,,,,,,,,,1.96,0.95,2.063157895,,,,,,,,,,22.38,2.25,5.87,,,,,,,1.19,,,,,0,,,,,,,,,,,,,,,,,,12,,,,,,,a solitary,bisexual flower,axillary flower,,,6.22,2.25,3.43,10,,,,,,,,,,2.85,4.15,1.06,,,94.61,1,,,,,,,,,0,,,,,,,,4.12,3.21,1.76,,,,74.13,,0,,,,,,,,0,,,,,,,,,,,,,,,,,,,,,,,,,,,,,,,,,,,,,,,,,,,,,,,,,,,,,,,,,,,,,,,,,,,,,,,,,
Melichrus erubescens,M. erubescens s.s,109886,Lee's Pinch,HTK48i,ENCTHTK48i,,,,,,,,,,,,,1.83,1.08,1.694444444,,,,,,,,,,23.87,2.47,6.06,,,,,,,0.96,,,,,0,,,,,,,,,,,,,,,,,,13,,,,,,,a solitary,bisexual flower,axillary flower,,,6.12,2.41,2.35,12,,,,,,,,,,2.66,3.96,0.58,,,73.69,1,,,,,,,,,0,,,,,,,,3.97,2.89,0.68,,,,86.95,,1,,,,,,,,0,,,,,,,,,,,,,,,,,,,,,,,,,,,,,,,,,,,,,,,,,,,,,,,,,,,,,,,,,,,,,,,,,,,,,,,,,
Melichrus erubescens,M. erubescens s.s,109887,Trinkey SCA,HTK49d,ENSHTK49d,,,,,,,,,,,,,1.13,0.98,1.153061224,,,,,,,,,,18.42,2.31,3.52,,,,,,,0.85,,,,,0,,,,,,,,,,,,,,,,,,13,,,,,,,a solitary,bisexual flower,axillary flower,,,6.25,2.16,2.37,10,,,,,,,,,,2.93,3.44,0.65,,,93,1,,,,,,,,,0,,,,,,,,4.23,3.04,1.84,,,,88.3,,0,,,,,,,,0,,,,,,,,,,,,,,,,,,,,,,,,,,,,,,,,,,,,,,,,,,,,,,,,,,,,,,,,,,,,,,,,,,,,,,,,,
Melichrus erubescens,M. erubescens s.s,109888,Trinkey SCA,HTK50b,ENSHTK50b,,,,,,,,,,,,,1.3,1.12,1.160714286,,,,,,,,,,27.15,2.09,3.5,,,,,,,1.07,,,,,0,,,,,,,,,,,,,,,,,,13,,,,,,,a solitary,bisexual flower,axillary flower,,,5.26,2.13,2.02,9,,,,,,,,,,2.81,3.36,1.02,,,154.99,0,,,,,,,,,0,,,,,,,,4,3,1.6,,,,107.1,,0,,,,,,,,0,,,,,,,,,,,,,,,,,,,,,,,,,,,,,,,,,,,,,,,,,,,,,,,,,,,,,,,,,,,,,,,,,,,,,,,,,
Melichrus erubescens,M. erubescens s.s,109532,Goonoo goonoo,SD388,ENSSD388,,,,,,,,,,,,,1.49,1.01,1.475247525,,,,,,,,,,20.95,2.49,5.15,,,,,,,0.48,,,,,0,,,,,,,,,,,,,,,,,,13,,,,,,,a solitary,bisexual flower,axillary flower,,,5.74,2.27,2.47,10,,,,,,,,,,3.16,3.74,1.11,,,145.38,0,,,,,,,,,0,,,,,,,,4.29,3.05,1.79,,,,103.87,,0,,,,,,,,0,,,,,,,,,,,,,,,,,,,,,,,,,,,,,,,,,,,,,,,,,,,,,,,,,,,,,,,,,,,,,,,,,,,,,,,,,
Melichrus erubescens,M. erubescens s.s,109532,Goonoo goonoo,SD388g,ENSSD388g,,,,,,,,,,,,,1.09,0.86,1.26744186,,,,,,,,,,15.91,1.96,3.58,,,,,,,0.88,,,,,0,,,,,,,,,,,,,,,,,,11,,,,,,,a solitary,bisexual flower,axillary flower,,,6.7,2.55,3.16,11,,,,,,,,,,3.1,3.92,0.98,,,108.81,0,,,,,,,,,0,,,,,,,,4.56,2.98,1.97,,,,80.09,,0,,,,,,,,0,,,,,,,,,,,,,,,,,,,,,,,,,,,,,,,,,,,,,,,,,,,,,,,,,,,,,,,,,,,,,,,,,,,,,,,,,
Melichrus erubescens,M. sp. Gardens of Stone,109883,Gardens of Stone NP,HTK46a,GACTHTK46a,,,,,,,,,,,,,2.19,1.27,1.724409449,,,,,,,,,,29.79,2.65,3.99,,,,,,,1.01,,,,,0,,,,,,,,,,,,,,,,,,12,,,,,,,a solitary,bisexual flower,axillary flower,,,7.75,2.15,3.58,10,,,,,,,,,,2.91,2.93,0.55,,,81.04,1,,,,,,,,,0,,,,,,,,5.39,2.82,1.21,,,,54.39,,0,,,,,,,,1,,,,,,,,,,,,,,,,,,,,,,,,,,,,,,,,,,,,,,,,,,,,,,,,,,,,,,,,,,,,,,,,,,,,,,,,,
Melichrus urceolatus,M. sp. Morton,109706,Morton NP,HTK62 ,BUNSCHTK62 ,,,,,,,,,,,,,1.43,1.45,0.986206897,,,,,,,,,,20.69,2.59,4.6,,,,,,,1.2,,,,,0.06,,,,,,,,,,,,,,,,,,11,,,,,,,a solitary,bisexual flower,axillary flower,,,6.65,1.84,2.85,9,,,,,,,,,,3.98,3.3,0.68,,,70.54,1,,,,,,,,,0,,,,,,,,4.8,2.63,0.95,,,,26.94,,0,,,,,,,,0,,,,,,,,,,,,,,,,,,,,,,,,,,,,,,,,,,,,,,,,,,,,,,,,,,,,,,,,,,,,,,,,,,,,,,,,,
Melichrus urceolatus,M. sp. Morton,109706,Morton NP,HTK62g,BUNSCHTK62g,,,,,,,,,,,,,1.11,1.52,0.730263158,,,,,,,,,,20.49,2.62,5.05,,,,,,,1.53,,,,,0.09,,,,,,,,,,,,,,,,,,11,,,,,,,a solitary,bisexual flower,axillary flower,,,7.4,2.06,2.76,8,,,,,,,,,,4.05,3.38,1.36,,,37.35,1,,,,,,,,,0,,,,,,,,4.92,2.66,0.79,,,,33.19,,1,,,,,,,,0,,,,,,,,,,,,,,,,,,,,,,,,,,,,,,,,,,,,,,,,,,,,,,,,,,,,,,,,,,,,,,,,,,,,,,,,,
Melichrus urceolatus,M. sp. Isla gorge,110750,Gurulmundi SF,HTK68,IQLEHTK68,,,,,,,,,,,,,0.61,0.86,0.709302326,,,,,,,,,,13.09,1.96,2.24,,,,,,,1.02,,,,,0.05,,,,,,,,,,,,,,,,,,9,,,,,,,a solitary,bisexual flower,axillary flower,,,6.06,1.95,2.45,10,,,,,,,,,,2.98,3.94,1.22,,,119.92,1,,,,,,,,,0,,,,,,,,4.09,3.15,1.08,,,,100.64,,0,,,,,,,,1,,,,,,,,,,,,,,,,,,,,,,,,,,,,,,,,,,,,,,,,,,,,,,,,,,,,,,,,,,,,,,,,,,,,,,,,,
Melichrus urceolatus,M. sp. Isla gorge,110750,Gurulmundi SF,HTK68a,IQLEHTK68a,,,,,,,,,,,,,0.7,0.86,0.813953488,,,,,,,,,,14.53,1.56,2.12,,,,,,,1.3,,,,,0.05,,,,,,,,,,,,,,,,,,7,,,,,,,a solitary,bisexual flower,axillary flower,,,7.17,2.64,2.47,9,,,,,,,,,,4.4,3.55,2.78,,,142.58,0,,,,,,,,,1,,,,,,,,4.78,4.09,2.04,,,,120.34,,0,,,,,,,,1,,,,,,,,,,,,,,,,,,,,,,,,,,,,,,,,,,,,,,,,,,,,,,,,,,,,,,,,,,,,,,,,,,,,,,,,,
Melichrus urceolatus,M. sp. Isla gorge,110750,Gurulmundi SF,HTK68c,IQLEHTK68c,,,,,,,,,,,,,0.79,0.96,0.822916667,,,,,,,,,,12.63,1.87,2.16,,,,,,,1.33,,,,0,0,"basally ciliate, distally barbed, antrorse",full,0.54,0.09,,0,scattered hairs,"most on petiole, or near base and margins",0.4,0.14,,,,scattered hairs all over,all over,0.25,0.09,9,,,,0.09,0.04,,,,,,,6.17,2.28,2.98,10,,,,,,,,,,2.7,3.76,0.8,,,121.07,0,,,,,ciliate,"full extent, shorter distally ",0.19,0.04,1,"very few scattered hairs in distal half, appressed antrorse",0.07,,,,,,4.41,3.53,1.39,,,,91.7,,0,,,sparsely ciliate,most hairs at widest point,0.31,0.17,0,1,"antrorse appressed scattered hairs, mainly basal",0.06,0.02(0.04),,,,,,,,,,,,,,,,,,,,,,,,,,,,,,,,,,,,,,,,,,,,,,,,,,,,,,,,,,,,,,,,,,,,,,
Melichrus urceolatus,M. sp. Isla gorge,110791,Mt Maria,HTK86,IQPCHTK86,,,,,,,,,,,,,0.59,1.16,0.50862069,,,,,,,,,,14.84,2.41,3.62,,,,,,,0.9,,,,,0,,,,,,,,,,,,,,,,,,11,,,,,,,a solitary,bisexual flower,axillary flower,,,7.53,2.21,3.43,10,,,,,,,,,,2.7,2.71,0.71,,,87.17,1,,,,,,,,,1,,,,,,,,5.58,2.5,2.01,,,,78.86,,1,30.6,,,,,,,1,,,,,,,,,,,,,,,,,,,,,,,,,,,,,,,,,,,,,,,,,,,,,,,,,,,,,,,,,,,,,,,,,,,,,,,,,
Melichrus urceolatus,M. sp. Isla gorge,110791,Mt Maria,HTK86j,IQPCHTK86j,,,,,,,,,,,,,1.07,1.18,0.906779661,,,,,,,,,,16.78,2.97,3.76,,,,,,,0.6,,,,,0,,,,,,,,,,,,,,,,,,12,,,,,,,a solitary,bisexual flower,axillary flower,,,6.24,2.08,3.32,10,,,,,,,,,,2.76,3.03,0.79,,,102.14,1,,,,,,,,,1,,,,,,,,4.34,2.49,2.41,,,,97.327,,1,58.879,,,,,,,1,,,,,,,,,,,,,,,,,,,,,,,,,,,,,,,,,,,,,,,,,,,,,,,,,,,,,,,,,,,,,,,,,,,,,,,,,
Melichrus urceolatus,M. sp. Tara,631364,"Chinchilla, spinifex bend",DH2259,TQDDDH2259,,,,,,,,,,,,,0.55,0.77,0.714285714,,,,,,,,,,7.38,1.12,1.64,,,,,,,0.8,,,,,0.04,,,,,,,,,,,,,,,,,,7,,,,,,,a solitary,bisexual flower,axillary flower,,,6.39,2.17,3.07,8,,,,,,,,,,2.86,3.01,0.66,,,143.21,0,,,,,,,,,1,,,,,,,,4.88,2.78,1.38,,,,110.01,,1,,,,,,,,1,,,,,,,,,,,,,,,,,,,,,,,,,,,,,,,,,,,,,,,,,,,,,,,,,,,,,,,,,,,,,,,,,,,,,,,,,
Melichrus urceolatus,M. sp. Tara,377791,ROCKWOOD 20M SW OF CHINCHILLA,VH220,TQDDVH220,,,,,,,,,,,,,0.54,0.71,0.76056338,,,,,,,,,,8.38,1.46,1.77,,,,,,,0.68,,,,,0.04,,,,,,,,,,,,,,,,,,8,,,,,,,a solitary,bisexual flower,axillary flower,,,6.14,1.91,2.31,10,,,,,,,,,,2.31,3.16,0.38,,,143.19,0,,,,,,,,,1,,,,,,,,4.37,2.79,1.22,,,,87.98,,0,,,,,,,,1,,,,,,,,,,,,,,,,,,,,,,,,,,,,,,,,,,,,,,,,,,,,,,,,,,,,,,,,,,,,,,,,,,,,,,,,,
Melichrus urceolatus,M. sp. Tara,110754,"Condamine State Forest, 30 km SE of Miles",HTK76,TQLEHTK76,,,,,,,,,,,,,0.92,0.9,1.022222222,,,,,,,,,,11.82,1.84,2.19,,,,,,,0.46,,,,,0,,,,,,,,,,,,,,,,,,9,,,,,,,a solitary,bisexual flower,axillary flower,,,5.59,2.23,2.58,8,,,,,,,,,,2.75,2.69,0.97,,,163.24,0,,,,,,,,,1,,,,,,,,4.07,2.32,1.04,,,,115.23,,0,,,,,,,,1,,,,,,,,,,,,,,,,,,,,,,,,,,,,,,,,,,,,,,,,,,,,,,,,,,,,,,,,,,,,,,,,,,,,,,,,,
Melichrus urceolatus,M. sp. Tara,110754,"Condamine State Forest, 30 km SE of Miles",HTK76e,TQLEHTK76e,,,,,,,,,,,,,0.81,0.75,1.08,,,,,,,,,,8.38,1.61,2.36,,,,,,,0.63,,,,,0,,,,,,,,,,,,,,,,,,7,,,,,,,a solitary,bisexual flower,axillary flower,,,6.41,1.9,1.89,8,,,,,,,,,,2.92,3.38,1.22,,,151.54,0,,,,,,,,,1,,,,,,,,4.86,3.27,2.16,,,,95.36,,0,,,,,,,,1,,,,,,,,,,,,,,,,,,,,,,,,,,,,,,,,,,,,,,,,,,,,,,,,,,,,,,,,,,,,,,,,,,,,,,,,,
Ungrouped,M. gibberagee,109321,Gibberagee SF,HTK10h,GNNCHTK10h,,,,,,,,,,,,,0.85,0.73,1.164383562,,,,,,,,,,14.5,1.47,2.56,,,,,,,0.64,,,,,0,,,,,,,,,,,,,,,,,,7,,,,,,,a solitary,bisexual flower,axillary flower,,,8.93,2.06,3.51,10,,,,,,,,,,4.19,3.25,0.94,,,45.33,1,,,,,,,,,0,,,,,,,,7.05,2.96,1.54,,,,28.78,,1,,,,,,,,0,,,,,,,,,,,,,,,,,,,,,,,,,,,,,,,,,,,,,,,,,,,,,,,,,,,,,,,,,,,,,,,,,,,,,,,,,
Ungrouped,M. gibberagee,109321,Gibberagee SF,HTK10b,GNNCHTK10b,,,,,,,,,,,,,0.84,1.005,0.835820896,,,,,,,,,,19.68,1.82,2.985,,,,,,,0.605,,,,,0,,,,,,,,,,,,,,,,,,9,,,,,,,a solitary,bisexual flower,axillary flower,,,8.56,2.1,2.72,10,,,,,,,,,,4.27,2.9,1.15,,,53.15,1,,,,,,,,,0,,,,,,,,6.81,2.79,2.22,,,,30.17,,0,,,,,,,,0,,,,,,,,,,,,,,,,,,,,,,,,,,,,,,,,,,,,,,,,,,,,,,,,,,,,,,,,,,,,,,,,,,,,,,,,,
Ungrouped,M. gibberagee,109335,Tullymorgan Lodge,HTK28j,GNNCHTK28j,,,,,,,,,,,,,0.95,1.12,0.848214286,,,,,,,,,,20.535,1.975,2.795,,,,,,,0.745,,,,,0,,,,,,,,,,,,,,,,,,9,,,,,,,a solitary,bisexual flower,axillary flower,,,8.05,2.87,3.52,9,,,,,,,,,,3.81,2.76,1.02,,,89.01,0,,,,,,,,,0,,,,,,,,5.99,2.4,1.98,,,,59.89,,0,,,,,,,,0,,,,,,,,,,,,,,,,,,,,,,,,,,,,,,,,,,,,,,,,,,,,,,,,,,,,,,,,,,,,,,,,,,,,,,,,,
Ungrouped,M. gibberagee,,Gibberagee SF,HTK10c,GNNCHTK10c,,,,,,,,,,,,,1.08,0.84,1.285714286,,,,,,,,,,18.785,1.755,2.935,,,,,,,0.845,,,,,0,,,,,,,,,,,,,,,,,,9,,,,,,,a solitary,bisexual flower,axillary flower,,,,,,,,,,,,,,,,,,,,,,,,,,,,,,,,,,,,,,,,,,,,,,,,,,,,,,,,,,,,,,,,,,,,,,,,,,,,,,,,,,,,,,,,,,,,,,,,,,,,,,,,,,,,,,,,,,,,,,,,,,,,,,,,
Ungrouped,M. hirsutus,110909,Shannon Creek,HTK112,HINNCHTK112,,,,,,,,,,,,,0.725,1.235,0.587044534,,,,,,,,,,21.1,2.08,2.92,,,,,,,0.775,,,,,0,,,,,,,,,,,,,,,,,,9,,,,,,,a solitary,bisexual flower,axillary flower,,,7.81,1.96,3.25,8,,,,,,,,,,3.41,2.13,1.04,,,30.15,0,,,,,,,,,1,,,,,,,,5.69,2.04,1.69,,,,24.67,,0,,,,,,,,1,,,,,,,,,,,,,,,,,,,,,,,,,,,,,,,,,,,,,,,,,,,,,,,,,,,,,,,,,,,,,,,,,,,,,,,,,
Ungrouped,M. hirsutus,110909,Shannon Creek,HTK112d,HINNCHTK112d,,,,,,,,,,,,,1.3,1.43,0.909090909,,,,,,,,,,25.99,2.88,5.265,,,,,,,0.92,,,,,0,,,,,,,,,,,,,,,,,,9,,,,,,,a solitary,bisexual flower,axillary flower,,,7.65,2.07,2.9,8,,,,,,,,,,3.44,2.79,0.62,,,19.34,0,,,,,,,,,1,,,,,,,,6.55,2.1,1.19,,,,14.6,,0,,,,,,,,1,,,,,,,,,,,,,,,,,,,,,,,,,,,,,,,,,,,,,,,,,,,,,,,,,,,,,,,,,,,,,,,,,,,,,,,,,
Ungrouped,M. hirsutus,109319,Flaggy Creek NR,HTK8a,HINNCHTK8a,,,,,,,,,,,,,1.28,1.23,1.040650407,,,,,,,,,,21.105,3.265,5.085,,,,,,,0.725,,,,,0,,,,,,,,,,,,,,,,,,11,,,,,,,a solitary,bisexual flower,axillary flower,,,9.26,2.66,3.12,8,,,,,,,,,,3.88,4.08,0.58,,,18.29,1,,,,,,,,,1,,,,,,,,6.85,2.85,2.46,,,,29.51,,0,,,,,,,,1,,,,,,,,,,,,,,,,,,,,,,,,,,,,,,,,,,,,,,,,,,,,,,,,,,,,,,,,,,,,,,,,,,,,,,,,,
Ungrouped,M. hirsutus,109319,Flaggy Creek NR,HTK8b,HINNCHTK8b,,,,,,,,,,,,,1.26,1.595,0.789968652,,,,,,,,,,24.345,3.24,4.565,,,,,,,0.985,,,,,0,,,,,,,,,,,,,,,,,,10,,,,,,,a solitary,bisexual flower,axillary flower,,,8.41,2.37,3.1,8,,,,,,,,,,4.59,2.59,0.81,,,26.9,0,,,,,,,,,1,,,,,,,,6.08,2.34,0.68,,,,17.43,,0,,,,,,,,1,,,,,,,,,,,,,,,,,,,,,,,,,,,,,,,,,,,,,,,,,,,,,,,,,,,,,,,,,,,,,,,,,,,,,,,,,
Melichrus urceolatus,M. sp. Mareeba,110799,Mt Lewis NP,HTK94e,MAQCOHTK94c,,,,,,,,,,,,,1.35,1.46,0.924657534,,,,,,,,,,21.19,3.68,3.41,,,,,,,1.1,,,,full length,0.13,ciliate,"longer at base to middle, becoming progressively shorter/ less numerous, more antrorse  and barb like distally. ",0.36,0.05,green,no,,,,,,,,,,,,15,,,,,,,,,,,,6.65,2.61,3.1,7,,,,,,,,,,3.03,3.45,1.23,,,139.28,0,,,,,ciliate,"full, longer in distal half",0.21,0.04,1,"papillose? Scattered, Very short, antrorse appressed hairs, more numerous and longer in distal half",0.01-.1,,,,,,4.38,3.83,1.37,,,,103.22,,0,,,ciliate,"full, denser in basal half",0.33,0.04,,1,"papillose? Very short, antrorse appressed hairs, more numerous in distal half, looks glabrous to naked eye",0.01,<0.01,,,,,,,,,,,,,,,,,,,,,,,,,,,,,,,,,,,,,,,,,,,,,,,,,,,,,,,,,,,,,,,,,,,,,,
Melichrus urceolatus,M. sp. Mareeba,,Kroombit Tops NP,HTK88,MAQPCHTK88,,,,,,,,,,,,,1.88,1.9,0.989473684,,,,,,,,,,24.79,4.83,4.06,,,,,,,0.92,,,,obscure distally,0.1,ciliate,"longer at base to middle, becoming progressively shorter/ less numerous, more antrorse  and barb like distally. ",0.72,0.05,green,no,,,,,,,,,,,,17,,,,,,,,,,,,6.43,2.16,2.42,7,,,,,,,,,,2.78,3.68,0.9,,,122.51,0,,,,,ciliate,"full, longer in distal half",0.18,0.05,1,"papillose? Scattered, Very short, antrorse appressed hairs, more numerous and longer in distal half",0.01-.1,,,,,,4.65,3.71,1.79,,,,110.71,,0,,,ciliate,"full, denser in basal half",0.31,0.05,,1,"papillose? Very short, antrorse appressed hairs, more numerous in distal half",0.05,<0.01,,,,,,,,,,,,,,,,,,,,,,,,,,,,,,,,,,,,,,,,,,,,,,,,,,,,,,,,,,,,,,,,,,,,,,
Melichrus urceolatus,M. sp. Mareeba,,Kroombit Tops NP,HTK88c,MAQPCHTK88c,,,,,,,,,,,,,1.4,1.68,0.833333333,,,,,,,,,,19.24,3.61,4.07,,,,,,,0.82,,,,"4/5th visible, obscure distally",0.1,ciliate,"longer at base to middle, becoming progressively shorter/ less numerous, more antrorse  and barb like distally. ",0.71,0.03,green,no,"scattered, antrorse appresssed","scattered, more nmerous near base and margins",0.15,0.08,,,,"sparse scattered antrorsely appressed hairs, more numerous near margins and at the base",,0.15,0.07,14,,,,0.09,0.03,,,,,,,5.62,2.32,2.86,9,,,,,,,,,,3.07,3.15,1.25,,,138.14,0,,,,,scattered cliliate,"full, longer in distal half",0.24,0.05,1,"almost glabrous basally to sparse all over hairs, longer and more dense distally and between veins. ",.06-.13,,,,,,3.6,3.57,1.47,,,,104.27,,0,,,ciliate,"sparsely full margin, denser in basal half",0.33,0.08,0,1,"almost glabrous basally to sparse all over hairs, longer and more dense distally and between veins. Antrorsely appressed. ",0.1,0.03,,,,,,,,,,,,,,,,,,,,,,,,,,,,,,,,,,,,,,,,,,,,,,,,,,,,,,,,,,,,,,,,,,,,,,
Melichrus urceolatus,M. sp. Mareeba,110790,Bullyard CP,HTK85,MAQPCHTK85,,,,,,,,,,,,,1.34,1.47,0.911564626,,,,,,,,,,26.29,3.46,3.79,,,,,,,0.82,,,,"4/5th visible, obscure distally",0.12,ciliate,"longer at base to middle, becoming progressively shorter/ less numerous, more antrorse  and barb like distally. ",0.45,0.05,green,no,"scattered, antrorse appresssed","scattered, more nmerous near base and margins",0.22,0.08,,,,"sparse scattered antrorsely appressed hairs, more numerous near margins and at the base",,0.08,0.04,13,,,,0.1,0.04,,,,,,,6.84,2.66,4.03,9,,,,,,,,,,3.5,3.25,0.91,,,133.67,0,,,,,ciliate,"full, longer in distal half",0.22,0.03,1,nearly glabrous,na,,,,,,5.22,3.8,1.58,,,,97.38,,0,,,ciliate,"sparsely full margin, denser in basal half",0.39,0.04,0,1,"almost glabrous basally to sparse all over hairs, longer and more dense distally and between veins. Antrorsely appressed. ",0.08,0.01,,,,,,,,,,,,,,,,,,,,,,,,,,,,,,,,,,,,,,,,,,,,,,,,,,,,,,,,,,,,,,,,,,,,,,
Melichrus procumbens,M. procumbens,110783,Toohey Forest,HTK77,PMOHTK77,,,,,,,,,,,,,0.88,1.22,0.721311475,,,,,,,,,,17.79,1.78,2.51,,,,,,,2.45,,,,,0.11,,,,,,,,,,,,,,,,,,13,,,,,,,a solitary,bisexual flower,axillary flower,,,6.09,2,2.94,8,,,,,,,,,,2.45,2.47,0.51,,,55.65,1,,,,,,,,,1,,,,,,,,3.97,2.4,0.92,,,,23.14,,0,,,,,,,,1,,,,,,,,,,,,,,,,,,,,,,,,,,,,,,,,,,,,,,,,,,,,,,,,,,,,,,,,,,,,,,,,,,,,,,,,,
Melichrus urceolatus,M. sp. Gilgandra,110730,Gilgandra CA,RLP381,GINNSRLP381,,,,,,,,,,,,,1.18,1.21,0.975206612,,,,,,,,,,8.8,2.75,3.54,,,,,,,0.64,,,,,0.06,,,,,,,,,,,,,,,,,,11,,,,,,,a solitary,bisexual flower,axillary flower,,,6.55,2.44,3.35,9,,,,,,,,,,3.25,4.09,1,,,136.54,0,,,,,,,,,0,,,,,,,,4.87,4.38,1.72,,,,103.61,,0,,,,,,,,0,,,,,,,,,,,,,,,,,,,,,,,,,,,,,,,,,,,,,,,,,,,,,,,,,,,,,,,,,,,,,,,,,,,,,,,,,
Melichrus urceolatus,M. sp. Gilgandra,109550,Gilgandra CA,SD406,GINNSSD406,,,,,,,,,,,,,1.1,1.17,0.94017094,,,,,,,,,,8.08,3.07,2.45,,,,,,,0.56,,,,,0.04,,,,,,,,,,,,,,,,,,11,,,,,,,a solitary,bisexual flower,axillary flower,,,6.28,2.16,4.33,11,,,,,,,,,,2.57,3.68,0.67,,,146.27,0,,,,,,,,,0,,,,,,,,4.4,3.5,1.22,,,,93.39,,0,,,,,,,,0,,,,,,,,,,,,,,,,,,,,,,,,,,,,,,,,,,,,,,,,,,,,,,,,,,,,,,,,,,,,,,,,,,,,,,,,,
Melichrus urceolatus,M. sp. gurulmundi,110803,Bringalilly SF,HTK98,GUDDHTK98,,,,,,,,,,,,,1.44,1.55,0.929032258,,,,,,,,,,16.28,3.34,3.35,,,,,,,1,,,,,0.26,,,,,,,,,,,,,,,,,,15,,,,,,,a solitary,bisexual flower,axillary flower,,,7.97,3.09,3.66,10,,,,,,,,,,4.51,4.45,1.18,,,78.03,1,,,,,,,,,1,,,,,,,,5.15,3.37,0.98,,,,34.01,,1,,,,,,,,1,,,,,,,,,,,,,,,,,,,,,,,,,,,,,,,,,,,,,,,,,,,,,,,,,,,,,,,,,,,,,,,,,,,,,,,,,
Melichrus urceolatus,M. sp. gurulmundi,110803,Bringalilly SF,HTK98h,GUDDHTK98h,,,,,,,,,,,,,1.37,1.7,0.805882353,,,,,,,,,,15.37,3.47,4.42,,,,,,,0.84,,,,,0.19,,,,,,,,,,,,,,,,,,19,,,,,,,a solitary,bisexual flower,axillary flower,,,9.16,3.22,4.1,8,,,,,,,,,,3.85,4,1.38,,,88.35,1,,,,,,,,,1,,,,,,,,5.28,3.69,1.39,,,,66.5,,1,,,,,,,,1,,,,,,,,,,,,,,,,,,,,,,,,,,,,,,,,,,,,,,,,,,,,,,,,,,,,,,,,,,,,,,,,,,,,,,,,,
Melichrus urceolatus,M. sp. Inglewood,109329,Killarney SCA,HTK15b,INNNSHTK15b,,,,,,,,,,,,,0.83,1.205,0.68879668,,,,,,,,,,11.145,3.51,3.895,,,,,,,0.725,,,,,0.1,,,,,,,,,,,,,,,,,,15,,,,,,,a solitary,bisexual flower,axillary flower,,,5.33,2.32,2.16,8,,,,,,,,,,2.79,3.04,0.84,,,100.18,0,,,,,,,,,1,,,,,,,,3.92,2.21,1.05,,,,63.65,,0,,,,,,,,1,,,,,,,,,,,,,,,,,,,,,,,,,,,,,,,,,,,,,,,,,,,,,,,,,,,,,,,,,,,,,,,,,,,,,,,,,
Melichrus urceolatus,M. sp. Inglewood,109329,Killarney SCA,HTK15d,INNNSHTK15d,,,,,,,,,,,,,1.075,1.25,0.86,,,,,,,,,,12.845,2.48,2.77,,,,,,,0.99,,,,,0.115,,,,,,,,,,,,,,,,,,13,,,,,,,a solitary,bisexual flower,axillary flower,,,5.21,2.25,2.16,9,,,,,,,,,,2.38,2.73,0.46,,,119.08,1,,,,,,,,,1,,,,,,,,3.5,2.28,1.02,,,,61.35,,0,,,,,,,,1,,,,,,,,,,,,,,,,,,,,,,,,,,,,,,,,,,,,,,,,,,,,,,,,,,,,,,,,,,,,,,,,,,,,,,,,,
Melichrus urceolatus,M. sp. Inglewood,110802,Bringalilly SF,HTK97a,INQDDHTK97a,,,,,,,,,,,,,0.82,0.93,0.88172043,,,,,,,,,,7.74,2.07,2.34,,,,,,,0.9,,,,,0.07,,,,,,,,,,,,,,,,,,11,,,,,,,a solitary,bisexual flower,axillary flower,,,5.43,2.04,2.37,8,,,,,,,,,,2.47,2.2,0.7,,,66.42,1,,,,,,,,,0,,,,,,,,3.83,2.18,0.67,,,,59.76,,0,,,,,,,,0,,,,,,,,,,,,,,,,,,,,,,,,,,,,,,,,,,,,,,,,,,,,,,,,,,,,,,,,,,,,,,,,,,,,,,,,,
Melichrus urceolatus,M. sp. Inglewood,110802,Bringalilly SF,HTK97h,INQDDHTK97h,,,,,,,,,,,,,0.955,1.08,0.884259259,,,,,,,,,,7.54,2.51,2.78,,,,,,,0.855,,,,,0.11,,,,,,,,,,,,,,,,,,13,,,,,,,a solitary,bisexual flower,axillary flower,,,7.35,2.4,3.32,10,,,,,,,,,,2.77,3.21,1.27,,,123,0,,,,,,,,,0,,,,,,,,4.57,3.15,1,,,,70.51,,0,,,,,,,,0,,,,,,,,,,,,,,,,,,,,,,,,,,,,,,,,,,,,,,,,,,,,,,,,,,,,,,,,,,,,,,,,,,,,,,,,,
Melichrus urceolatus,M. sp. Silent Grove,109431,Torrington SCA,HTK33b,SNNTHTK33b,,,,,,,,,,,,,0.96,1.43,0.671328671,,,,,,,,,,23.39,2.54,3.17,,,,,,,0.9,,,,,0,,,,,,,,,,,,,,,,,,11,,,,,,,a solitary,bisexual flower,axillary flower,,,6.3,1.98,1.98,10,,,,,,,,,,3,6.88,0.81,,,51.01,1,,,,,,,,,0,,,,,,,,4.09,3.21,0.5,,,,49.1,,0,,,,,,,,0,,,,,,,,,,,,,,,,,,,,,,,,,,,,,,,,,,,,,,,,,,,,,,,,,,,,,,,,,,,,,,,,,,,,,,,,,
Melichrus urceolatus,M. sp. Silent Grove,109431,Torrington SCA,HTK33c,SNNTHTK33c,,,,,,,,,,,,,1.55,1.66,0.93373494,,,,,,,,,,24.16,2.65,3.48,,,,,,,0.81,,,,,,,,,,,,,,,,,,,,,,,11,,,,,,,a solitary,bisexual flower,axillary flower,,,6.39,2.25,2.54,10,,,,,,,,,,3.38,4.07,0.95,,,121.58,1,,,,,,,,,0,,,,,,,,3.89,3.44,0.46,,,,38.52,,1,,,,,,,,0,,,,,,,,,,,,,,,,,,,,,,,,,,,,,,,,,,,,,,,,,,,,,,,,,,,,,,,,,,,,,,,,,,,,,,,,,
Melichrus urceolatus,M. sp. Silent Grove,73308,Torrington SCA,JTH3645,SNNTJTH3643,,,,,,,,,,,,,0.88,2.03,0.433497537,,,,,,,,,,30.27,3.17,5.74,,,,,,,0.96,,,,,0,,,,,,,,,,,,,,,,,,13,,,,,,,a solitary,bisexual flower,axillary flower,,,6.92,2.67,2.61,9,,,,,,,,,,3.32,4.01,1.05,,,106.59,0,,,,,,,,,0,,,,,,,,4.09,3.32,1.07,,,,62.52,,0,,,,,,,,0,,,,,,,,,,,,,,,,,,,,,,,,,,,,,,,,,,,,,,,,,,,,,,,,,,,,,,,,,,,,,,,,,,,,,,,,,
Melichrus urceolatus,M. sp. Silent Grove,73309,Torrington SCA,JTH3644,SNNTJTH3644,,,,,,,,,,,,,0.97,1.43,0.678321678,,,,,,,,,,20.14,2.06,2.25,,,,,,,0.92,,,,,0,,,,,,,,,,,,,,,,,,10,,,,,,,a solitary,bisexual flower,axillary flower,,,6.61,1.85,2.46,10,,,,,,,,,,3.46,3.07,0.87,,,59.66,1,,,,,,,,,0,,,,,,,,4.44,2.74,0.65,,,,32.27,,0,,,,,,,,0,,,,,,,,,,,,,,,,,,,,,,,,,,,,,,,,,,,,,,,,,,,,,,,,,,,,,,,,,,,,,,,,,,,,,,,,,
Melichrus urceolatus,M. urceolatus s.s.,109882,Mugii-murrumban SCA,HTK45a,UNCTHTK45a,,,,,,,,,,,,,1.04,1.78,0.584269663,,,,,,,,,,16.48,3.98,4.99,,,,,,,1.25,,,,present full length,0.16,"barbed, longer basally, direction diverse, slightly retrorse basally, distally more antrorse",entire length,0.15,0.03,grey green,no,"almost barb like, but softer","antrorsely appressed, all over",0.07,0.05,,,,barbed,"all over, antrorsely appressed",0.05,0.02,15,,,,0.08,<0.08,,,,,,,7.08,2.43,2.86,10,,,,,,,,,,3.95,4.07,1.16,,,132.37,1,75.85,,,,ciliate,full,0.38,0.16 (0.02),1,pilose. Antrorsely appressed.,0.12,,,,,,4.76,3.91,1.16,,,,56.51,,0,,,ciliate,"full, shorter below widest point",0.85,0.23,,1,"pilose, above widest point",0.44,.21(.21),,,,,,,,,,,,,,,,,,,,,,,,,,,,,,,,,,,,,,,,,,,,,,,,,,,,,,,,,,,,,,,,,,,,,,
Melichrus urceolatus,M. urceolatus s.s.,109882,Mugii-murrumban SCA,HTK45G,UNCTHTK45g,,,,,,,,,,,,,1.26,1.86,0.677419355,,,,,,,,,,20.23,5.36,6.12,,,,,,,1.72,,,,"wider basally,present full length",0.17,"barbed, longer basally, direction diverse, slightly retrorse basally, distally more antrorse",entire length,0.16,0.03,grey green,no,"almost barb like, but softer",,0.08,0.06,,,,barbed,"scattered all over, antrorse",0.09,0.05,19,,,,0.05,<0.05,,,,,,,8.05,2.43,3.47,8,,,,,,,,,,4.07,4.15,1.47,,,73.36,0,,,,,ciliate,full,0.12,0.03,1,pilose. Antrorsely appressed.,0.08,,,,,,5.7,3.56,2.14,,,,75.23,,1,,,ciliate,"full, long all the way",0.34,.09 (.25),pilose distally,1,"pilose, above widest point",0.22,0.08(.14),,,,,,,,,,,,,,,,,,,,,,,,,,,,,,,,,,,,,,,,,,,,,,,,,,,,,,,,,,,,,,,,,,,,,,
Melichrus urceolatus,M. sp. gilgandra,,Biddon SCA,HTK127b,,,,,,,,,erect,,,,,1.54,1.22,1.262295082,,,,,,,,,,16.34,3.5,5.23,,,,,,,1.44,,,,0,NA,"barbed, longer basally, direction diverse, slightly retrorse basally, distally more antrorse","longer, more numerous basally but full extent",0.18,0.07,,yes,"barbed, longer hairs on petiole","few scattered groups, above veins",0.04,0.03,,,,barbed,"scattered all over, antrorse",0.06,0.04,13,,,,0.04,0.03,1,,,,,,6.79,2.18,3.36,9,,,,,,,,,,2.84,3.62,0.69,,,139.8,0,,,,,ciliate,full,0.15,0.06,0,na,na,,,,,,4.56,3.8,1.36,,,,89.2,,0,,,ciliate,full,0.37,.13(.13),pilose distally,0,NA,NA,NA,,,,,,,,,,,,,,,,,,,,,,,,,,,,,,,,,,,,,,,,,,,,,,,,,,,,,,,,,,,,,,,,,,,,,,
Melichrus urceolatus,M. sp. gilgandra,,Gilgandra FR,HTK128,,,,,,,,,erect,,,,,1.45,1.52,0.953947368,,,purple,,,,,,,16.91,4.08,3.68,,,,,,,1.18,,,,1,0.08,"barbed, antrorse",entire length,0.12,0.07,,yes,long barbed ,"thicker and longer basally, scatted distally ",0.15,0.08,,,,barbed,"scattered all over, antrorse",0.09,0.04,15,,,,0.03,0.03,1,,,,,,6.71,2.41,2.89,7,,,,,,,,,,3.84,4.42,1.2,,,140,0,,,,,ciliate,above widest point,0.23,0.1,0,na,na,green at base turning pink,,,,,5.04,3.65,1.5,,,,83.7,,0,,,ciliate,"full, longer and thicker distally",0.18,.1(.16),pilose distally,0,NA,NA,NA,,,,,,,,,,,,,,,,,,,,,,,,,,,,,,,,,,,,,,,,,,,,,,,,,,,,,,,,,,,,,,,,,,,,,,
Melichrus urceolatus,M. sp. gilgandra,,Gilgandra FR,HTK128a,,,,,,,,,erect,,,,,1.26,1.59,0.79245283,,,"purple margins, yellow beige centre",,,,,,,17.18,3.1,5.33,,,,,,,1.36,,,,0,na,"barbed, antrorse",entire length,0.08,.05(.06),,yes,long barbed ,"thicker and longer basally, scatted distally ",0.08,0.05(0.08),,,,barbed,"scattered all over, antrorse",0.07,0.04,13,,,,0.04,0.03,1,,,,,,6.53,1.92,2.45,8,,,,,,,,,,3.01,3.34,0.78,,,129.4,1,64.33,,,,ciliate,full,0.09,.04(.07),0,na,na,,,,,,4.54,3.38,0.81,,,,91.72,,0,,,ciliate,"full, longer and thicker distally",0.18,.06(.12),pilose distally,0,NA,NA,NA,,,,,,,,,,,,,,,,,,,,,,,,,,,,,,,,,,,,,,,,,,,,,,,,,,,,,,,,,,,,,,,,,,,,,,
Melichrus urceolatus,M. sp. Galambary,,Black mountain,HTK7a,,,,,,,,,erect,,,,,1.35,1.63,0.828220859,,,,,,,,,,17.36,2.8,2.65,,,,,,,1.27,,,,1,0.14,"barbed, antrorse",entire length,0.07,.03(.05),,no,scattered barbs,"scattered, concentrated at margins and near base",0.1,.04(.07),,,,"tiny papillae, like vein papillae","scattered all over, appressed in different directions",0.03,.02(.03),13,,,,0.07,.03(.07),1,,,,,,7.2,2.75,3.54,10,,,,,,,,,,3.56,3.65,0.88,,,134.98,0,,,,,ciliate,thicker and longer above widest point,0.09,.03(.05,0,na,na,,,,,,5.25,3.4,1.55,,,,98.38,,0,,,ciliate,Most above widest point,0.09,.05(.07),"pilose, most of length, but thicker distally ",0,NA,NA,NA,,,,,,,,,,,,,,,,,,,,,,,,,,,,,,,,,,,,,,,,,,,,,,,,,,,,,,,,,,,,,,,,,,,,,,
Melichrus urceolatus,M. sp. Galambary,,Mt Granya,HTK56,,,,,,,,,erect,,,,,1.55,1.43,1.083916084,,,,,,,,,,17.54,2.37,2.13,,,,,,,1.38,,,,1,0.11,"barbed, mostly appressed antrorse","entire length, longer basally",0.1,0.03,,no,occasional short hairs,"scattered, concentrated at margins and near base, mostly appressed antrorse",0.13,0.06,,,,"tiny papillae, like vein papillae","scattered all over, appressed in different directions",0.07,.04(.07),13,,,,0.11,.04(.11),1,,,,,,6.59,2.7,2.13,9,,,,,,,,,,3.62,4.25,0.8,,,122.65,0,,,,,ciliate,thicker and longer above widest point,0.14,.05(.07),0,na,na,,,,,,5.16,3.31,2.42,,,,92.32,,1,,,ciliate,Most above widest point,0.22,.12(.17),"pilose, most of length, but thicker distally ",0,NA,NA,NA,,,,,,,,,,,,,,,,,,,,,,,,,,,,,,,,,,,,,,,,,,,,,,,,,,,,,,,,,,,,,,,,,,,,,,
Melichrus urceolatus,M. sp. Galambary,,Heathcote,HTK59a (only young growth),,,,,,,,,erect,,,,,1.1,1.09,1.009174312,,,,,,,,,,16.06,2.26,2.59,,,,,,,1.19,,,,1,0.1,"barbed, mostly appressed antrorse",entire length,0.06,0.03,,no,scattered tiny barbs,"scattered, concentrated at margins and near base, mostly appressed antrorse",0.06,0.05,,,,"tiny papillae, like vein papillae","scattered all over, appressed in different directions",0.07,.04(.07),13,,,,0.03,.02(.02),1,,,,,,6.38,2.1,2.33,8,,,,,,,,,,3.47,3.32,0.9,,,124.66,0,,,,,ciliate,thicker and longer above widest point,0.11,.04(.09),0,na,na,,,,,,4.61,2.88,1.64,,,,109.01,,1,36.78,,ciliate,Most above widest point,0.1,.04(.08),glabrous,0,NA,NA,NA,,,,,,,,,,,,,,,,,,,,,,,,,,,,,,,,,,,,,,,,,,,,,,,,,,,,,,,,,,,,,,,,,,,,,,
Melichrus urceolatus,M. sp. Kaputar,,,"HTK25a (chosen bud, recently fertilised, ovary slightly swollen)",,,,,,,,,erect,,,,,1.77,1.33,1.330827068,,,,,,,,,,18.37,3.2,5.57,,,,,,,1.39,,,,1,0.06,"barbed, antrorse",entire length,0.08,.03(.08),,no,scattered short hairs,"Mostly at base, scattered near margins, rest of surface basically glabrous",0.06,.03 (0.06),,,,"tiny papillae, like vein papillae","occasional scattered on veins, antrorse appressed mostly",0.04,0.01(0.02),14,,,,0.01,0.01 (<0.01),0,,,,,,6.84,2.53,3,8,,,,,,,,,,2.9,4.03,1.28,,,142.71,1,58.67,,,,ciliate,thicker and longer above widest point,0.08,.03(.02),0,na,na,,,,,,5.17,3.76,1.96,,,,97.9,,0,,,ciliate,full length,0.2,.06(.13),pilose distally,1,pilose only near apex,0.07,.06(.06),,,,,,,,,,,,,,,,,,,,,,,,,,,,,,,,,,,,,,,,,,,,,,,,,,,,,,,,,,,,,,,,,,,,,,
Melichrus urceolatus,M. sp. Kaputar,,,HTK25b,,,,,,,,,erect,,,,,2.17,1.77,1.225988701,,,,,,,,,,20.99,4.52,6.22,,,,,,,1.33,,,,1,0.14,"barbed, antrorse",entire length,0.18,0.02(.16),,no,"hairy , not quite pilose",only at base on/near petiole,0.2,.09(.1),,,,"tiny papillae, like vein papillae",very occasional,0.03,0.01(0.02),17,,,,0.04,.01(.03),0,,,,,,6.35,2.73,3.07,8,,,,,,,,,,2.76,3.91,0.55,,,120.85,1,92.68,,,,ciliate,thicker and longer above widest point,0.1,.04(.06),0,na,na,,,,,,4.71,3.22,0.88,,,,103.77,,0,,,ciliate,"full length, longest and thickest at widest point",0.28,.1(.22),glabrous,0,NA,NA,NA,,,,,,,,,,,,,,,,,,,,,,,,,,,,,,,,,,,,,,,,,,,,,,,,,,,,,,,,,,,,,,,,,,,,,,
Melichrus urceolatus,M. sp. Canobolas,,"Indigo trail, mt canobolas",HTK138,,,,,,,,,erect,,,,,1.34,1.64,0.817073171,,,,,,,,,,16.72,3.88,2.79,,,,,,,1.55,,,,1,0.14,"barbed, antrorse",entire length,0.09,.03(.05),,no,"scattered hairs near margin, mostly glabrous",near margins,0.11,.03(.05),,,,"tiny papillae, like vein papillae","very occasional, more near base",0.06,.02(.04),17,,,,0.03,0.02,0,,,,,,7.15,2.78,2.87,12,,,,,,,,,,3.53,4.71,1.43,,,110.34,0,,,,,ciliate,above widest point,0.19,.06(.12),1,pilose near margins,0.17,,,,,,5.12,3.66,1.34,,,,115.34,,0,,,ciliate,"full length, longest and thickest at widest point",0.27,.04(.13),glabrous,1,pilose distally,0.16,0.06,,,,,,,,,,,,,,,,,,,,,,,,,,,,,,,,,,,,,,,,,,,,,,,,,,,,,,,,,,,,,,,,,,,,,,
Melichrus urceolatus,M. sp. Canobolas,,"Indigo trail, mt canobolas",HTK138f,,,,,,,,,erect,,,,,1.65,1.39,1.18705036,,,,,,,,,,21.08,4.39,3.38,,,,,,,1.48,,,,1,0.08,"barbed, antrorse",entire length,0.09,.05(.06),,no,scattered hairs ,"near margin and petiole, surface mostly glabrous",0.22,0.08,,,,"tiny papillae, like vein papillae","very occasional, more near base",0.07,0.04,15,,,,0.04,0.03,1,,,,,,7.77,2.99,3.1,11,,,,,,,,,,3.98,4.86,0.86,,,150.51,1,99.1,,,,ciliate,above widest point,0.3,.13(.26),1,"pilose, distally",0.25,,,,,,4.79,4.43,1.33,,,,114.91,,0,,,ciliate,"full length, longest and thickest at widest point",0.51,.12(.09),glabrous,1,pilose distally ,0.48,.07(.25),,,,,,,,,,,,,,,,,,,,,,,,,,,,,,,,,,,,,,,,,,,,,,,,,,,,,,,,,,,,,,,,,,,,,,
Melichrus urceolatus,M. sp. Canobolas,,Copperhania NR,"HTK137h (here on, measured without squishing)",,,,,,,,,erect,,,,,1.24,1.3,0.953846154,,,,,,,,,,20.25,3.49,3.96,,,,,,,1.26,,,,1,0.09,"barbed, antrorse",entire length,0.08,0.05,,no,scattered barbs ,near margins and petiole,0.1,0.03,,,,"tiny papillae, like vein papillae","very occasional, more near base",0.04,0.02,15,,,,0.04,0.02,1,,,,,,6.5,2.8,2.72,9,,,,,,,,,,3.56,4.02,0.92,,,130.6,0,,,,,ciliate,"full length, longer and thicker above widest point",0.33,.17(.24),0,glabrous,,,,,,,5,4.23,1.29,,,,118.02,,0,,,ciliate,"full length, loger and thicker above widest point",0.26,.14(.15),glabrous,0,glabrous,,,,,,,,,,,,,,,,,,,,,,,,,,,,,,,,,,,,,,,,,,,,,,,,,,,,,,,,,,,,,,,,,,,,,,,,
Melichrus urceolatus,M. sp. Canobolas,,Copperhania NR,"HTK137 (specimen not mature, pick a different one)",,,,,,,,,erect,,,,,,,#DIV/0!,,,,,,,,,,,,,,,,,,,,,,,,,,,,,,,,,,,,,,,,,,,,,,,,,,,,,,,,,,,,,,,,,,,,,,,,,,,,,,,,,,,,,,,,,,,,,,,,,,,,,,,,,,,,,,,,,,,,,,,,,,,,,,,,,,,,,,,,,,,,,,,,,,,,,,,,,,,,,,,,,,,,,,,,,,,,,,,,,,,
Melichrus urceolatus,M. adpressus s.s.,,,HTK11e,,,,,,,,,erect,,,,,1.66,1.36,1.220588235,,,,,,,,,,23.65,3.44,8.87,,,,,,,2.29,,,,1,0.16,barbed,entire length,0.1,0.05,,no,glabrous,na,na,na,,,,glabrous,,,,13,,,,0.03,0.02,1,,,,,,6.77,2.81,2.9,9,,,,,,,,,,4.14,5.38,1.3,,,144.69,1,81.32,,,,ciliate,"most of the length, but only a little below the widest point",0.27,.09(.15),1,"pilose, distally",0.3,,,,,,4.24,4.81,1.51,,,,93.02,,0,,,sparingly ciliate,longest at widest point,0.41,0.11,glabrous,1,"pilose, appressed",0.31,.13(.25),,,,,,,,,,,,,,,,,,,,,,,,,,,,,,,,,,,,,,,,,,,,,,,,,,,,,,,,,,,,,,,,,,,,,,
Melichrus urceolatus,M. adpressus s.s. (tip broken),,,HTK12b,,,,,,,,,erect,,,,,2.45,1.48,1.655405405,,,,,,,,,,20.04,3.84,5.95,,,,,,,1.6,,,,1,0.08,barbed,entire length,0.17,0.03,,no,scattered barbs/hairs,"barbs near margins, longer hairs near base",0.21,.04(.15),,,,"tiny papillae, like vein papillae","occasional, on the edges of veins and near leaf base",0.07,0.03,13,,,,0.06,0.03,1,,,,,,5.83,2.35,2.14,10,,,,,,,,,,3.87,5.38,1.03,,,145.61,1,86.79,,,,ciliate,"most of the length, but only a little below the widest point",0.47,.08(.12),1,"pilose, distally",0.17,,,,,,3.75,4.7,0.8,,,,122.7,,0,,,ciliate,longest just above widest point and distally,0.57,.1(0.28),glabrous,1,"pilose, appressed, longer and thicker distally but present most of length",0.21,.07(.14),,,,,,,,,,,,,,,,,,,,,,,,,,,,,,,,,,,,,,,,,,,,,,,,,,,,,,,,,,,,,,,,,,,,,,
Melichrus urceolatus,M. adpressus s.s. (tip broken),,,HTK13a,,,,,,,,,erect,,,,,1.73,1.64,1.054878049,,,,,,,,,,16.69,3.54,5,,,,,,,0.88,,,,1,0.08,barbed,entire length,0.14,0.03(.1),,no,glabrous,na,na,na,,,,"tiny papillae, like vein papillae","occasional, on the edges of veins, near margins and near leaf base",0.12,0.03,15,,,,0.03,0.02,1,,,,,,6.22,2.56,3.04,10,,,,,,,,,,3.86,6.2,1.14,,,120.63,1,51.39,,,,ciliate,"full length, longest around widest point, very short below widest point",0.32,.06(.23),1,"pilose, distally",0.12,,,,,,4.02,4.3,0.66,,,,102.45,,,,,ciliate,longest just above widest point and distally,0.27,.18(.03),patch of pilose hair near tip,1,"pilose, appressed, longer and thicker distally but present most of length",0.29,.05(.1),,,,,,,,,,,,,,,,,,,,,,,,,,,,,,,,,,,,,,,,,,,,,,,,,,,,,,,,,,,,,,,,,,,,,,
Melichrus urceolatus,M. sp. Coornartha,,,HTK55,,,,,,,,,erect(maybe a bit different?),,,,,,,,,,,,,,,,,,,,,,,,,,,,,,,,,,,,,,,,,,,,,,,,,,,,,,,,,,,,,,,,,,,,,,,,,,,,,,,,,,,,,,,,,,,,,,,,,,,,,,,,,,,,,,,,,,,,,,,,,,,,,,,,,,,,,,,,,,,,,,,,,,,,,,,,,,,,,,,,,,,,,,,,,,,,,,,,,,,,,,,,,,
Melichrus urceolatus,M. sp. Coornartha,,,"HTK55a (no flowers in ethanol, no dried buds)",,,,,,,,,,,,,,,,,,,,,,,,,,,,,,,,,,,,,,,,,,,,,,,,,,,,,,,,,,,,,,,,,,,,,,,,,,,,,,,,,,,,,,,,,,,,,,,,,,,,,,,,,,,,,,,,,,,,,,,,,,,,,,,,,,,,,,,,,,,,,,,,,,,,,,,,,,,,,,,,,,,,,,,,,,,,,,,,,,,,,,,,,,,,,,,,,,,
Melichrus urceolatus,M. medius,,Middle Arm,HTK135,,,,,,,,,,,,,,,,,,,,,,,,,,,,,,,,,,,,,,,,,,,,,,,,,,,,,,,,,,,,,,,,,,,,,,,,,,,,,,,,,,,,,,,,,,,,,,,,,,,,,,,,,,,,,,,,,,,,,,,,,,,,,,,,,,,,,,,,,,,,,,,,,,,,,,,,,,,,,,,,,,,,,,,,,,,,,,,,,,,,,,,,,,,,,,,,,,,
Melichrus urceolatus,M. medius,,Gundaroo,HTK5a,,,,,,,,,erect,,,,,,,,,,,,,,,,,,,,,,,,,,,,,,,,,,,,,,,,,,,,,,,,,,,,,,,,,,,,,,,,,,,,,,,,,,,,,,,,,,,,,,,,,,,,,,,,,,,,,,,,,,,,,,,,,,,,,,,,,,,,,,,,,,,,,,,,,,,,,,,,,,,,,,,,,,,,,,,,,,,,,,,,,,,,,,,,,,,,,,,,,,
Melichrus urceolatus,M. medius,,Gang gang,6a or 6b,,,,,,,,,,,,,,,,,,,,,,,,,,,,,,,,,,,,,,,,,,,,,,,,,,,,,,,,,,,,,,,,,,,,,,,,,,,,,,,,,,,,,,,,,,,,,,,,,,,,,,,,,,,,,,,,,,,,,,,,,,,,,,,,,,,,,,,,,,,,,,,,,,,,,,,,,,,,,,,,,,,,,,,,,,,,,,,,,,,,,,,,,,,,,,,,,,,
Melichrus urceolatus,M. medius,,,,,,,,,,,,,,,,,,,,,,,,,,,,,,,,,,,,,,,,,,,,,,,,,,,,,,,,,,,,,,,,,,,,,,,,,,,,,,,,,,,,,,,,,,,,,,,,,,,,,,,,,,,,,,,,,,,,,,,,,,,,,,,,,,,,,,,,,,,,,,,,,,,,,,,,,,,,,,,,,,,,,,,,,,,,,,,,,,,,,,,,,,,,,,,,,,,,,,
,,,,,,,,,,,,,,,,,,,,,,,,,,,,,,,,,,,,,,,,,,,,,,,,,,,,,,,,,,,,,,,,,,,,,,,,,,,,,,,,,,,,,,,,,,,,,,,,,,,,,,,,,,,,,,,,,,,,,,,,,,,,,,,,,,,,,,,,,,,,,,,,,,,,,,,,,,,,,,,,,,,,,,,,,,,,,,,,,,,,,,,,,,,,,,,,,,,,,,,
,,,,,,,,,,,,,,,,,,,,,,,,,,,,,,,,,,,,,,,,,,,,,,,,,,,,,,,,,,,,,,,,,,,,,,,,,,,,,,,,,,,,,,,,,,,,,,,,,,,,,,,,,,,,,,,,,,,,,,,,,,,,,,,,,,,,,,,,,,,,,,,,,,,,,,,,,,,,,,,,,,,,,,,,,,,,,,,,,,,,,,,,,,,,,,,,,,,,,,,
,,,,,,,,,,,,,,,,,,,,,,,,,,,,,,,,,,,,,,,,,,,,,,,,,,,,,,,,,,,,,,,,,,,,,,,,,,,,,,,,,,,,,,,,,,,,,,,,,,,,,,,,,,,,,,,,,,,,,,,,,,,,,,,,,,,,,,,,,,,,,,,,,,,,,,,,,,,,,,,,,,,,,,,,,,,,,,,,,,,,,,,,,,,,,,,,,,,,,,,
,,,,,,,,,,,,,,,,,,,,,,,,,,,,,,,,,,,,,,,,,,,,,,,,,,,,,,,,,,,,,,,,,,,,,,,,,,,,,,,,,,,,,,,,,,,,,,,,,,,,,,,,,,,,,,,,,,,,,,,,,,,,,,,,,,,,,,,,,,,,,,,,,,,,,,,,,,,,,,,,,,,,,,,,,,,,,,,,,,,,,,,,,,,,,,,,,,,,,,,
,,,,,,,,,,,,,,,,,,,,,,,,,,,,,,,,,,,,,,,,,,,,,,,,,,,,,,,,,,,,,,,,,,,,,,,,,,,,,,,,,,,,,,,,,,,,,,,,,,,,,,,,,,,,,,,,,,,,,,,,,,,,,,,,,,,,,,,,,,,,,,,,,,,,,,,,,,,,,,,,,,,,,,,,,,,,,,,,,,,,,,,,,,,,,,,,,,,,,,,
,,,,,,,,,,,,,,,,,,,,,,,,,,,,,,,,,,,,,,,,,,,,,,,,,,,,,,,,,,,,,,,,,,,,,,,,,,,,,,,,,,,,,,,,,,,,,,,,,,,,,,,,,,,,,,,,,,,,,,,,,,,,,,,,,,,,,,,,,,,,,,,,,,,,,,,,,,,,,,,,,,,,,,,,,,,,,,,,,,,,,,,,,,,,,,,,,,,,,,,
,,,,,,,,,,,,,,,,,,,,,,,,,,,,,,,,,,,,,,,,,,,,,,,,,,,,,,,,,,,,,,,,,,,,,,,,,,,,,,,,,,,,,,,,,,,,,,,,,,,,,,,,,,,,,,,,,,,,,,,,,,,,,,,,,,,,,,,,,,,,,,,,,,,,,,,,,,,,,,,,,,,,,,,,,,,,,,,,,,,,,,,,,,,,,,,,,,,,,,,
,,,,,,,,,,,,,,,,,,,,,,,,,,,,,,,,,,,,,,,,,,,,,,,,,,,,,,,,,,,,,,,,,,,,,,,,,,,,,,,,,,,,,,,,,,,,,,,,,,,,,,,,,,,,,,,,,,,,,,,,,,,,,,,,,,,,,,,,,,,,,,,,,,,,,,,,,,,,,,,,,,,,,,,,,,,,,,,,,,,,,,,,,,,,,,,,,,,,,,,
,,,,,,,,,,,,,,,,,,,,,,,,,,,,,,,,,,,,,,,,,,,,,,,,,,,,,,,,,,,,,,,,,,,,,,,,,,,,,,,,,,,,,,,,,,,,,,,,,,,,,,,,,,,,,,,,,,,,,,,,,,,,,,,,,,,,,,,,,,,,,,,,,,,,,,,,,,,,,,,,,,,,,,,,,,,,,,,,,,,,,,,,,,,,,,,,,,,,,,,
,,,,,,,,,,,,,,,,,,,,,,,,,,,,,,,,,,,,,,,,,,,,,,,,,,,,,,,,,,,,,,,,,,,,,,,,,,,,,,,,,,,,,,,,,,,,,,,,,,,,,,,,,,,,,,,,,,,,,,,,,,,,,,,,,,,,,,,,,,,,,,,,,,,,,,,,,,,,,,,,,,,,,,,,,,,,,,,,,,,,,,,,,,,,,,,,,,,,,,,
,,,,,,,,,,,,,,,,,,,,,,,,,,,,,,,,,,,,,,,,,,,,,,,,,,,,,,,,,,,,,,,,,,,,,,,,,,,,,,,,,,,,,,,,,,,,,,,,,,,,,,,,,,,,,,,,,,,,,,,,,,,,,,,,,,,,,,,,,,,,,,,,,,,,,,,,,,,,,,,,,,,,,,,,,,,,,,,,,,,,,,,,,,,,,,,,,,,,,,,
,,,,,,,,,,,,,,,,,,,,,,,,,,,,,,,,,,,,,,,,,,,,,,,,,,,,,,,,,,,,,,,,,,,,,,,,,,,,,,,,,,,,,,,,,,,,,,,,,,,,,,,,,,,,,,,,,,,,,,,,,,,,,,,,,,,,,,,,,,,,,,,,,,,,,,,,,,,,,,,,,,,,,,,,,,,,,,,,,,,,,,,,,,,,,,,,,,,,,,,
,,,,,,,,,,,,,,,,,,,,,,,,,,,,,,,,,,,,,,,,,,,,,,,,,,,,,,,,,,,,,,,,,,,,,,,,,,,,,,,,,,,,,,,,,,,,,,,,,,,,,,,,,,,,,,,,,,,,,,,,,,,,,,,,,,,,,,,,,,,,,,,,,,,,,,,,,,,,,,,,,,,,,,,,,,,,,,,,,,,,,,,,,,,,,,,,,,,,,,,
,,,,,,,,,,,,,,,,,,,,,,,,,,,,,,,,,,,,,,,,,,,,,,,,,,,,,,,,,,,,,,,,,,,,,,,,,,,,,,,,,,,,,,,,,,,,,,,,,,,,,,,,,,,,,,,,,,,,,,,,,,,,,,,,,,,,,,,,,,,,,,,,,,,,,,,,,,,,,,,,,,,,,,,,,,,,,,,,,,,,,,,,,,,,,,,,,,,,,,,
,,,,,,,,,,,,,,,,,,,,,,,,,,,,,,,,,,,,,,,,,,,,,,,,,,,,,,,,,,,,,,,,,,,,,,,,,,,,,,,,,,,,,,,,,,,,,,,,,,,,,,,,,,,,,,,,,,,,,,,,,,,,,,,,,,,,,,,,,,,,,,,,,,,,,,,,,,,,,,,,,,,,,,,,,,,,,,,,,,,,,,,,,,,,,,,,,,,,,,,
